id,value
B1G Ten Conference,
B1G Ten Conference.West Division,
B1G Ten Conference.West Division.University of Illinois - Urbana Champaign
B1G Ten Conference.West Division.University of Iowa
B1G Ten Conference.West Division.University of Minnesota - Twin Cities
B1G Ten Conference.West Division.University of Nebraska - Lincoln
B1G Ten Conference.West Division.Nortwestern University
B1G Ten Conference.West Division.Purdue University
B1G Ten Conference.West Division.University of Wisconsin - Madison
B1G Ten Conference.East Division
B1G Ten Conference.East Division.Indiana University Bloomington
B1G Ten Conference.East Division.University of Maryland, College Park
B1G Ten Conference.East Division.University of Michigan
B1G Ten Conference.East Division.Michigan State University
B1G Ten Conference.East Division.Ohio State University
B1G Ten Conference.East Division.Pennsylvania State University
B1G Ten Conference.East Division.Pennsylvania State University
B1G Ten Conference.East Division.Rutgers University - New Brunswick